{"schema":5,"addons":[{"id":"linky@gemal.dk","icons":{"32":"https://addons.cdn.mozilla.net/user-media/addon_icons/0/425-32.png?modified=1275582966","64":"https://addons.cdn.mozilla.net/user-media/addon_icons/0/425-64.png?modified=1275582966"},"name":"Linky","type":"extension","version":"3.0.0.1-signed.1-let-fixed.1-signed","repositoryStatus":4,"creator":{"name":"gemal","url":"https://addons.mozilla.org/en-US/firefox/user/gemal/?src=api"},"description":"Linky will increase your power to handle links. ...","fullDescription":"Linky will increase your power to handle links.\nOpen/download/validate links and pictures in tabs or windows.","isPlatformCompatible":true,"eula":null,"averageRating":4,"learnmoreURL":"https://addons.mozilla.org/en-US/firefox/addon/linky/?src=api","homepageURL":"http://gemal.dk/mozilla/linky.html","sourceURI":"https://addons.mozilla.org/firefox/downloads/file/80933/linky-3.0.0-fx+sm.xpi?src=api","size":27784,"contributionURL":"https://addons.mozilla.org/en-US/firefox/addon/linky/developers?src=api","contributionAmount":"$5.00","developerComments":null,"reviewURL":"https://addons.mozilla.org/en-US/firefox/addon/linky/reviews/?src=api","reviewCount":127,"totalDownloads":907543,"weeklyDownloads":136,"dailyUsers":5033,"updateDate":1266953043000,"supportURL":null},{"id":"{3e9a3920-1b27-11da-8cd6-0800200c9a66}","icons":{"32":"https://addons.cdn.mozilla.net/user-media/addon_icons/640/640536-32.png?modified=1504331813","64":"https://addons.cdn.mozilla.net/user-media/addon_icons/640/640536-64.png?modified=1504331813"},"name":"Charles Proxy Auto-Configuration","type":"extension","version":"3.11","repositoryStatus":4,"creator":{"name":"Charles Proxy","url":"https://addons.mozilla.org/en-US/firefox/user/charlesproxy/?src=api"},"description":"Configures Mozilla Firefox for use with Charles Web Debugging Proxy.","fullDescription":"***** NOTE: This add-on is no longer required, and is no longer supported on the latest versions of Firefox. Instead please configure Firefox to use your system proxy settings. *****\n\n\nCharles Proxy is an HTTP proxy / HTTP monitor / Reverse Proxy that enables a developer to view all of the HTTP and SSL / HTTPS traffic between their machine and the Internet. This includes requests, responses and the HTTP headers (which contain the cookies and caching information), and more.\n\nThis add-on auto-configures Firefox to use Charles Proxy, when Charles Proxy is activated. Please install Charles Proxy from www.charlesproxy.com before installing this add-on.","isPlatformCompatible":true,"eula":null,"averageRating":4,"learnmoreURL":"https://addons.mozilla.org/en-US/firefox/addon/charles-proxy/?src=api","homepageURL":"https://addons.mozilla.org/en-US/firefox/addon/charles-proxy/?src=api","sourceURI":"https://addons.mozilla.org/firefox/downloads/file/334956/charles_proxy_auto_configuration-3.11-fx-mac.xpi?src=api","size":9573,"developerComments":null,"reviewURL":"https://addons.mozilla.org/en-US/firefox/addon/charles-proxy/reviews/?src=api","reviewCount":14,"totalDownloads":290812,"weeklyDownloads":930,"dailyUsers":12525,"updateDate":1442376484000,"supportURL":null},{"id":"SQLiteManager@mrinalkant.blogspot.com","icons":{"32":"https://addons.cdn.mozilla.net/user-media/addon_icons/5/5817-32.png?modified=1425129628","64":"https://addons.cdn.mozilla.net/user-media/addon_icons/5/5817-64.png?modified=1425129628"},"name":"SQLite Manager","type":"extension","version":"0.8.3.1-signed.1-signed","repositoryStatus":4,"creator":{"name":"lazierthanthou","url":"https://addons.mozilla.org/en-US/firefox/user/lazierthanthou/?src=api"},"description":"Manage any SQLite database on your computer.","fullDescription":"    Features:\n    Manage any SQLite database on your computer.\n    An intuitive heirarchical tree showing database objects.\n    Helpful dialogs to manage tables, indexes, views and triggers.\n    You can browse and search the tables, as well as add, edit, delete and duplicate the records.\n    Facility to execute any sql query.\n    The views can be searched too.\n    A dropdown menu helps with the sql syntax thus making writing sql easier.\n    Easy access to common operations through menu, toolbars, buttons and context-menu.\n    Export tables/views/database in csv/xml/sql format. Import from csv/xml/sql (both UTF-8 and UTF-16).\n    Possible to execute multiple sql statements in Execute tab.\n    You can save the queries.\n    Support for ADS on Windows.","isPlatformCompatible":true,"eula":null,"screenshots":[{"url":"https://addons.cdn.mozilla.net/user-media/previews/full/17/17219.png?src=api&modified=1331218902","width":"700","height":"525","thumbnailURL":"https://addons.cdn.mozilla.net/user-media/previews/thumbs/17/17219.png?src=api&modified=1331218902","thumbnailWidth":"200","thumbnailHeight":"150","caption":"Main screen"},{"url":"https://addons.cdn.mozilla.net/user-media/previews/full/17/17038.png?src=api&modified=1331218902","width":"700","height":"525","thumbnailURL":"https://addons.cdn.mozilla.net/user-media/previews/thumbs/17/17038.png?src=api&modified=1331218902","thumbnailWidth":"200","thumbnailHeight":"150","caption":"Main window"},{"url":"https://addons.cdn.mozilla.net/user-media/previews/full/17/17042.png?src=api&modified=1331218902","width":"700","height":"525","thumbnailURL":"https://addons.cdn.mozilla.net/user-media/previews/thumbs/17/17042.png?src=api&modified=1331218902","thumbnailWidth":"200","thumbnailHeight":"150","caption":"Create a Table"},{"url":"https://addons.cdn.mozilla.net/user-media/previews/full/17/17043.png?src=api&modified=1331218902","width":"700","height":"525","thumbnailURL":"https://addons.cdn.mozilla.net/user-media/previews/thumbs/17/17043.png?src=api&modified=1331218902","thumbnailWidth":"200","thumbnailHeight":"150","caption":"Search"}],"averageRating":4,"learnmoreURL":"https://addons.mozilla.org/en-US/firefox/addon/sqlite-manager/?src=api","homepageURL":"https://github.com/lazierthanthou/sqlite-manager","sourceURI":"https://addons.mozilla.org/firefox/downloads/file/301270/sqlite_manager-0.8.3-tb+sm+fx.xpi?src=api","size":266656,"developerComments":"The source code and various scripts used in this project are hosted as a git repository at https://github.com/lazierthanthou/sqlite-manager.\n\nThe following command will create a clone of the project in your current directory:\ngit clone git://github.com/lazierthanthou/sqlite-manager.git\n\nIn case you would like to download the source without having to clone the repository,\n\n    you can download the tarball\n    or, you can download the zip","reviewURL":"https://addons.mozilla.org/en-US/firefox/addon/sqlite-manager/reviews/?src=api","reviewCount":84,"totalDownloads":5248992,"weeklyDownloads":9176,"dailyUsers":141326,"updateDate":1425164781000,"supportURL":"https://github.com/lazierthanthou/sqlite-manager"},{"id":"support@lastpass.com","icons":{"32":"https://addons.cdn.mozilla.net/user-media/addon_icons/8/8542-32.png?modified=1507310420","64":"https://addons.cdn.mozilla.net/user-media/addon_icons/8/8542-64.png?modified=1507310420"},"name":"LastPass Password Manager","type":"extension","version":"4.1.54","repositoryStatus":4,"creator":{"name":"LastPass","url":"https://addons.mozilla.org/en-US/firefox/user/lastpass/?src=api"},"description":"LastPass, an award-winning password manager, saves your passwords and gives you secure access from every computer and mobile device.","fullDescription":"LastPass is a password manager that simplifies everything you do online by remembering your passwords, logging into your sites with one click, creating strong passwords for every account, and so much more.\n\nJoin over 10 million people who love getting more done every day with our award-winning password manager!\n\nWith LastPass, you only remember one master password and LastPass takes care of the rest. It fills your logins for you and instantly syncs from your desktop to your laptop, your computer to your smartphone, your tablet to the web, so you never struggle to remember another password. LastPass is free no matter what device you use!\n\nWhy Use a Password Manager?\n- Save, encrypt and backup all your passwords and logins, automatically\n- Sync your data no matter which browser, computer, or mobile device you use\n- Only one strong master password to remember\n- Securely store more logins, with more universal recognition of websites, including bank logins\n- All the features you need to be more productive and efficient\n- Only YOU know your master password, LastPass never has your key\n- Secure offline access to your data via the browser extensions and mobile apps\n\nSave Everything & Increase Productivity:\n- Store login usernames and passwords for all online accounts\n- Fill web logins automatically - no typing required!\n- Checkout fast with shopping profiles\n- Create Secure Notes to store memberships, credit cards, & other important records\n- Attach documents, PDFs, images, audio, and more\n- Keep everything organized in a searchable “vault”\n- Collaborate with others with more secure password sharing features\n\nUniversal Access:\n- Add LastPass to any browser on any computer\n- Login with the same LastPass account everywhere\n- Sync all of your passwords and data automatically\n- Have convenient access to your passwords on all your devices, including any desktop, laptop, smartphone, or tablet\n\nSecurity First:\n- Generate secure passwords to replace weak ones\n- Change passwords automatically on over 75 sites with Auto-Password Change\n- Create strong, unique passwords as you sign up for new websites\n- Protect your LastPass account with multifactor authentication\n- Audit your passwords with the LastPass Security Challenge\n- Flexible security features like autologoff options and master password reprompts\n\nOnly you know your master password, and only you can access your vault. Your master password is never shared with LastPass. That’s why millions of people and businesses trust LastPass to keep their information safe. We protect your data at every step.\n\nLastPass is free to download and use on any desktop or laptop computer. LastPass Premium adds more features, like family password sharing, 1 GB of encrypted file storage, Premium two-factor authentication options like YubiKey, and priority tech support. Learn more at https://lastpass.com/go-premium\n\nLearn about more features and get LastPass for Internet Explorer, Firefox, Safari, and Opera from www.LastPass.com","isPlatformCompatible":true,"eula":null,"screenshots":[{"url":"https://addons.cdn.mozilla.net/user-media/previews/full/171/171883.png?src=api&modified=1457369923","width":"440","height":"280","thumbnailURL":"https://addons.cdn.mozilla.net/user-media/previews/thumbs/171/171883.png?src=api&modified=1457369923","thumbnailWidth":"200","thumbnailHeight":"127","caption":"LastPass is an award-winning password manager and form fill for all browsers, platforms, and mobile devices."},{"url":"https://addons.cdn.mozilla.net/user-media/previews/full/171/171884.png?src=api&modified=1457369924","width":"640","height":"400","thumbnailURL":"https://addons.cdn.mozilla.net/user-media/previews/thumbs/171/171884.png?src=api&modified=1457369924","thumbnailWidth":"200","thumbnailHeight":"125","caption":"All your data, everywhere you need it."},{"url":"https://addons.cdn.mozilla.net/user-media/previews/full/171/171885.png?src=api&modified=1457369924","width":"640","height":"400","thumbnailURL":"https://addons.cdn.mozilla.net/user-media/previews/thumbs/171/171885.png?src=api&modified=1457369924","thumbnailWidth":"200","thumbnailHeight":"125","caption":"Autofill your logins & save as you go, no forgotten passwords."},{"url":"https://addons.cdn.mozilla.net/user-media/previews/full/171/171886.png?src=api&modified=1457369924","width":"640","height":"400","thumbnailURL":"https://addons.cdn.mozilla.net/user-media/previews/thumbs/171/171886.png?src=api&modified=1457369924","thumbnailWidth":"200","thumbnailHeight":"125","caption":"Create strong passwords & LastPass remembers them for you."},{"url":"https://addons.cdn.mozilla.net/user-media/previews/full/171/171887.png?src=api&modified=1457369924","width":"640","height":"400","thumbnailURL":"https://addons.cdn.mozilla.net/user-media/previews/thumbs/171/171887.png?src=api&modified=1457369924","thumbnailWidth":"200","thumbnailHeight":"125","caption":"Manage all of your accounts from one easy-to-use vault."}],"averageRating":4,"learnmoreURL":"https://addons.mozilla.org/en-US/firefox/addon/lastpass-password-manager/?src=api","homepageURL":"https://lastpass.com/","sourceURI":"https://addons.mozilla.org/firefox/downloads/file/670267/lastpass_password_manager-4.1.54-an+fx.xpi?src=api","size":13953115,"developerComments":null,"reviewURL":"https://addons.mozilla.org/en-US/firefox/addon/lastpass-password-manager/reviews/?src=api","reviewCount":2433,"totalDownloads":15939713,"weeklyDownloads":82312,"dailyUsers":653250,"updateDate":1507310396000,"supportURL":"http://forums.lastpass.com/"}]}