{"schemaVersion":21,"addons":[{"id":"linky@gemal.dk","syncGUID":"lRfHaiY7qsVn","location":"app-profile","version":"3.0.0.1-signed.1-let-fixed.1-signed","type":"extension","internalName":null,"updateURL":null,"updateKey":null,"optionsURL":"chrome://linky/content/options.xul","optionsType":null,"aboutURL":null,"defaultLocale":{"name":"Linky","description":"Open/download/validate/copy links and pictures in new tabs or windows","creator":"Henrik Gemal","homepageURL":"http://gemal.dk/mozilla/linky.html","contributors":["Stefan A. Moeller","Anaka Mako"]},"visible":true,"active":true,"userDisabled":false,"appDisabled":false,"installDate":1485275094000,"updateDate":1485275094000,"applyBackgroundUpdates":1,"bootstrap":false,"path":"/Users/mwobensmith/Library/Application Support/Firefox/Profiles/9xlc3ztd.default/extensions/linky@gemal.dk.xpi","skinnable":false,"size":33550,"sourceURI":"https://addons.mozilla.org/firefox/downloads/file/80933/linky-3.0.0-fx+sm.xpi?src=sync","releaseNotesURI":null,"softDisabled":false,"foreignInstall":false,"hasBinaryComponents":false,"strictCompatibility":false,"locales":[],"targetApplications":[{"id":"{ec8030f7-c20a-464f-9b0e-13a3a9e97384}","minVersion":"0.7","maxVersion":"56.*"},{"id":"{92650c4d-4b8e-4d2a-b7eb-24ecf4f6b63a}","minVersion":"2.0","maxVersion":"2.1a1pre"},{"id":"{a463f10c-3994-11da-9945-000d60ca027b}","minVersion":"0.5","maxVersion":"2.*"}],"targetPlatforms":[],"multiprocessCompatible":false,"signedState":2,"seen":true,"dependencies":[],"hasEmbeddedWebExtension":false,"mpcOptedOut":false,"userPermissions":null,"icons":{},"iconURL":"chrome://linky/skin/icon.png","icon64URL":null},{"id":"SQLiteManager@mrinalkant.blogspot.com","syncGUID":"4IlzE8hLNKah","location":"app-profile","version":"0.8.3.1-signed.1-signed","type":"extension","internalName":null,"updateURL":null,"updateKey":null,"optionsURL":"chrome://sqlitemanager/content/preferences.xul","optionsType":null,"aboutURL":null,"defaultLocale":{"name":"SQLite Manager","description":"Manage any SQLite database on your computer","creator":"lazierthanthou","homepageURL":"https://github.com/lazierthanthou/sqlite-manager","translators":["Mikael Hiort af Ornäs (Swedish)","Пирятинский Виталий (Russian)","drry (Japanese)","Mutu makassi (Italian)","Danny B.,Goofy,myahoo (French)","danyaljim (Spanish (Spain))","Dryopteris,Team erweiterungen.de,Tobbi (German)"]},"visible":true,"active":true,"userDisabled":false,"appDisabled":false,"installDate":1485275094000,"updateDate":1485275094000,"applyBackgroundUpdates":1,"bootstrap":false,"path":"/Users/mwobensmith/Library/Application Support/Firefox/Profiles/9xlc3ztd.default/extensions/SQLiteManager@mrinalkant.blogspot.com.xpi","skinnable":false,"size":817083,"sourceURI":"https://addons.mozilla.org/firefox/downloads/file/301270/sqlite_manager-0.8.3-tb+sm+fx.xpi?src=sync","releaseNotesURI":null,"softDisabled":false,"foreignInstall":false,"hasBinaryComponents":false,"strictCompatibility":false,"locales":[],"targetApplications":[{"id":"{ec8030f7-c20a-464f-9b0e-13a3a9e97384}","minVersion":"22.0","maxVersion":"56.*"},{"id":"{3550f703-e582-4d05-9a08-453d09bdfdc6}","minVersion":"22.0","maxVersion":"27.0"},{"id":"{92650c4d-4b8e-4d2a-b7eb-24ecf4f6b63a}","minVersion":"2.1","maxVersion":"2.24"},{"id":"toolkit@mozilla.org","minVersion":"22.0","maxVersion":"27.0"}],"targetPlatforms":[],"multiprocessCompatible":false,"signedState":2,"seen":true,"dependencies":[],"hasEmbeddedWebExtension":false,"mpcOptedOut":false,"userPermissions":null,"icons":{},"iconURL":"chrome://sqlitemanager/skin/images/default32.png","icon64URL":null},{"id":"{3e9a3920-1b27-11da-8cd6-0800200c9a66}","syncGUID":"{30f72bac-806a-674b-8949-d84106df502f}","location":"app-profile","version":"3.11","type":"extension","internalName":null,"updateURL":null,"updateKey":null,"optionsURL":null,"optionsType":null,"aboutURL":"chrome://charles/content/about.xul","defaultLocale":{"name":"Charles Proxy Auto-configuration","description":"Auto-configures Mozilla Firefox for use with Charles Web Debugging Proxy.","creator":"XK72","homepageURL":"http://www.charlesproxy.com/"},"visible":true,"active":false,"userDisabled":true,"appDisabled":false,"installDate":1491945492000,"updateDate":1491945492000,"applyBackgroundUpdates":1,"bootstrap":false,"path":"/Users/mwobensmith/Library/Application Support/Firefox/Profiles/9xlc3ztd.default/extensions/{3e9a3920-1b27-11da-8cd6-0800200c9a66}.xpi","skinnable":false,"size":24288,"sourceURI":"https://addons.mozilla.org/firefox/downloads/file/334956/charles_proxy_auto_configuration-3.11-fx-mac.xpi?src=api","releaseNotesURI":null,"softDisabled":false,"foreignInstall":false,"hasBinaryComponents":false,"strictCompatibility":false,"locales":[],"targetApplications":[{"id":"{ec8030f7-c20a-464f-9b0e-13a3a9e97384}","minVersion":"1.5","maxVersion":"56.*"}],"targetPlatforms":[],"multiprocessCompatible":false,"signedState":2,"seen":true,"dependencies":[],"hasEmbeddedWebExtension":false,"mpcOptedOut":false,"userPermissions":null,"icons":{},"iconURL":"chrome://charles/skin/charles_icon.png","icon64URL":null},{"id":"support@lastpass.com","syncGUID":"{d310763c-fb0a-f346-a0af-9bc215575169}","location":"app-profile","version":"4.1.54","type":"extension","internalName":null,"updateURL":null,"updateKey":null,"optionsURL":null,"optionsType":null,"aboutURL":null,"defaultLocale":{"name":"LastPass: Free Password Manager","description":"Last Password you will ever need","creator":"LastPass","homepageURL":"https://lastpass.com/"},"visible":true,"active":true,"userDisabled":false,"appDisabled":false,"installDate":1485213259000,"updateDate":1503070520000,"applyBackgroundUpdates":1,"bootstrap":true,"path":"/Users/mwobensmith/Library/Application Support/Firefox/Profiles/9xlc3ztd.default/extensions/support@lastpass.com","skinnable":false,"size":37419912,"sourceURI":"https://addons.mozilla.org/firefox/downloads/latest/lastpass-password-manager/addon-8542-latest.xpi?src=search","releaseNotesURI":null,"softDisabled":false,"foreignInstall":false,"hasBinaryComponents":false,"strictCompatibility":false,"locales":[],"targetApplications":[{"id":"{aa3c5121-dab2-40e2-81ca-7ea25febc110}","minVersion":"38.0a1","maxVersion":"*"},{"id":"{ec8030f7-c20a-464f-9b0e-13a3a9e97384}","minVersion":"38.0a1","maxVersion":"*"}],"targetPlatforms":[],"multiprocessCompatible":true,"signedState":2,"seen":true,"dependencies":[],"hasEmbeddedWebExtension":false,"mpcOptedOut":false,"userPermissions":null,"icons":{},"iconURL":"resource://support-at-lastpass-dot-com/data/images/icon48.png","icon64URL":null},{"id":"aushelper@mozilla.org","syncGUID":"{f680670a-488a-d544-a931-8b69015ef829}","location":"app-system-defaults","version":"2.0","type":"extension","internalName":null,"updateURL":null,"updateKey":null,"optionsURL":null,"optionsType":null,"aboutURL":null,"defaultLocale":{"name":"Application Update Service Helper","description":"Sets value(s) in the update url based on custom checks.","creator":null,"homepageURL":null},"visible":true,"active":true,"userDisabled":false,"appDisabled":false,"installDate":1481248530000,"updateDate":1503722914000,"applyBackgroundUpdates":1,"bootstrap":true,"path":"/Applications/Firefox.app/Contents/Resources/browser/features/aushelper@mozilla.org.xpi","skinnable":false,"size":8488,"sourceURI":null,"releaseNotesURI":null,"softDisabled":false,"foreignInstall":false,"hasBinaryComponents":false,"strictCompatibility":false,"locales":[],"targetApplications":[{"id":"{ec8030f7-c20a-464f-9b0e-13a3a9e97384}","minVersion":"55.0.3","maxVersion":"55.*"}],"targetPlatforms":[],"multiprocessCompatible":true,"seen":true,"dependencies":[],"hasEmbeddedWebExtension":false,"mpcOptedOut":false,"userPermissions":null,"icons":{},"iconURL":null,"icon64URL":null},{"id":"e10srollout@mozilla.org","syncGUID":"{605e9c55-35a0-044b-ae51-d00be7ac12e2}","location":"app-system-defaults","version":"2.0","type":"extension","internalName":null,"updateURL":null,"updateKey":null,"optionsURL":null,"optionsType":null,"aboutURL":null,"defaultLocale":{"name":"Multi-process staged rollout","description":"Staged rollout of Firefox multi-process feature.","creator":null,"homepageURL":null},"visible":false,"active":false,"userDisabled":false,"appDisabled":false,"installDate":1481248530000,"updateDate":1503722914000,"applyBackgroundUpdates":1,"bootstrap":true,"path":"/Applications/Firefox.app/Contents/Resources/browser/features/e10srollout@mozilla.org.xpi","skinnable":false,"size":13287,"sourceURI":null,"releaseNotesURI":null,"softDisabled":false,"foreignInstall":false,"hasBinaryComponents":false,"strictCompatibility":false,"locales":[],"targetApplications":[{"id":"{ec8030f7-c20a-464f-9b0e-13a3a9e97384}","minVersion":"55.0.3","maxVersion":"55.*"}],"targetPlatforms":[],"multiprocessCompatible":true,"seen":true,"dependencies":[],"hasEmbeddedWebExtension":false,"mpcOptedOut":false,"userPermissions":null,"icons":{},"iconURL":null,"icon64URL":null},{"id":"firefox@getpocket.com","syncGUID":"{753b7a6c-0794-b045-be57-412105d5ed01}","location":"app-system-defaults","version":"1.0.5","type":"extension","internalName":null,"updateURL":null,"updateKey":null,"optionsURL":null,"optionsType":null,"aboutURL":null,"defaultLocale":{"name":"Pocket","description":"When you find something you want to view later, put it in Pocket.","creator":null,"homepageURL":null},"visible":true,"active":true,"userDisabled":false,"appDisabled":false,"installDate":1481248530000,"updateDate":1503722914000,"applyBackgroundUpdates":1,"bootstrap":true,"path":"/Applications/Firefox.app/Contents/Resources/browser/features/firefox@getpocket.com.xpi","skinnable":false,"size":862517,"sourceURI":null,"releaseNotesURI":null,"softDisabled":false,"foreignInstall":false,"hasBinaryComponents":false,"strictCompatibility":false,"locales":[],"targetApplications":[{"id":"{ec8030f7-c20a-464f-9b0e-13a3a9e97384}","minVersion":"55.0.3","maxVersion":"55.*"}],"targetPlatforms":[],"multiprocessCompatible":true,"seen":true,"dependencies":[],"hasEmbeddedWebExtension":false,"mpcOptedOut":false,"userPermissions":null,"icons":{},"iconURL":null,"icon64URL":null},{"id":"webcompat@mozilla.org","syncGUID":"{e87b2161-ee95-4045-a80a-1bdc28a25423}","location":"app-system-defaults","version":"1.1","type":"extension","internalName":null,"updateURL":null,"updateKey":null,"optionsURL":null,"optionsType":null,"aboutURL":null,"defaultLocale":{"name":"Web Compat","description":"Urgent post-release fixes for web compatibility.","creator":null,"homepageURL":null},"visible":true,"active":true,"userDisabled":false,"appDisabled":false,"installDate":1481248530000,"updateDate":1503722914000,"applyBackgroundUpdates":1,"bootstrap":true,"path":"/Applications/Firefox.app/Contents/Resources/browser/features/webcompat@mozilla.org.xpi","skinnable":false,"size":8992,"sourceURI":null,"releaseNotesURI":null,"softDisabled":false,"foreignInstall":false,"hasBinaryComponents":false,"strictCompatibility":false,"locales":[],"targetApplications":[{"id":"{ec8030f7-c20a-464f-9b0e-13a3a9e97384}","minVersion":"55.0.3","maxVersion":"55.*"}],"targetPlatforms":[],"multiprocessCompatible":true,"seen":true,"dependencies":[],"hasEmbeddedWebExtension":false,"mpcOptedOut":false,"userPermissions":null,"icons":{},"iconURL":null,"icon64URL":null},{"id":"screenshots@mozilla.org","syncGUID":"{892c57f2-c99a-ea4f-b08f-21048a35d1ea}","location":"app-system-defaults","version":"10.12.0","type":"extension","internalName":null,"updateURL":null,"updateKey":null,"optionsURL":null,"optionsType":null,"aboutURL":null,"defaultLocale":{"name":"Firefox Screenshots","description":null,"creator":null,"homepageURL":"https://pageshot.net/"},"visible":false,"active":false,"userDisabled":false,"appDisabled":false,"installDate":1497452265000,"updateDate":1503722914000,"applyBackgroundUpdates":1,"bootstrap":true,"path":"/Applications/Firefox.app/Contents/Resources/browser/features/screenshots@mozilla.org.xpi","skinnable":false,"size":714554,"sourceURI":null,"releaseNotesURI":null,"softDisabled":false,"foreignInstall":false,"hasBinaryComponents":false,"strictCompatibility":false,"locales":[],"targetApplications":[{"id":"{ec8030f7-c20a-464f-9b0e-13a3a9e97384}","minVersion":"51.0a1","maxVersion":"*"}],"targetPlatforms":[],"multiprocessCompatible":true,"seen":true,"dependencies":[],"hasEmbeddedWebExtension":false,"mpcOptedOut":false,"userPermissions":null,"icons":{},"iconURL":null,"icon64URL":null},{"id":"clicktoplay-rollout@mozilla.org","syncGUID":"{5b5b970a-f09b-6048-b8fa-4afbd028d1de}","location":"app-system-defaults","version":"1.2","type":"extension","internalName":null,"updateURL":null,"updateKey":null,"optionsURL":null,"optionsType":null,"aboutURL":null,"defaultLocale":{"name":"Click-to-Play staged rollout","description":"Staged rollout for Click-to-Play Flash.","creator":null,"homepageURL":null},"visible":false,"active":false,"userDisabled":false,"appDisabled":false,"installDate":1502209379000,"updateDate":1503722914000,"applyBackgroundUpdates":1,"bootstrap":true,"path":"/Applications/Firefox.app/Contents/Resources/browser/features/clicktoplay-rollout@mozilla.org.xpi","skinnable":false,"size":5621,"sourceURI":null,"releaseNotesURI":null,"softDisabled":false,"foreignInstall":false,"hasBinaryComponents":false,"strictCompatibility":false,"locales":[],"targetApplications":[{"id":"{ec8030f7-c20a-464f-9b0e-13a3a9e97384}","minVersion":"55.0.3","maxVersion":"55.*"}],"targetPlatforms":[],"multiprocessCompatible":true,"seen":true,"dependencies":[],"hasEmbeddedWebExtension":false,"mpcOptedOut":false,"userPermissions":null,"icons":{},"iconURL":null,"icon64URL":null},{"id":"followonsearch@mozilla.com","syncGUID":"{5ec2fb16-047d-1c47-9bdd-07972a1446ab}","location":"app-system-defaults","version":"0.9.1","type":"extension","internalName":null,"updateURL":null,"updateKey":null,"optionsURL":null,"optionsType":null,"aboutURL":null,"defaultLocale":{"name":"Follow-on Search Telemetry","description":null,"creator":null,"homepageURL":null},"visible":false,"active":false,"userDisabled":false,"appDisabled":false,"installDate":1502209379000,"updateDate":1503722913000,"applyBackgroundUpdates":1,"bootstrap":true,"path":"/Applications/Firefox.app/Contents/Resources/browser/features/followonsearch@mozilla.com.xpi","skinnable":false,"size":16730,"sourceURI":null,"releaseNotesURI":null,"softDisabled":false,"foreignInstall":false,"hasBinaryComponents":false,"strictCompatibility":false,"locales":[],"targetApplications":[{"id":"{ec8030f7-c20a-464f-9b0e-13a3a9e97384}","minVersion":"52.0","maxVersion":"59.*"}],"targetPlatforms":[],"multiprocessCompatible":true,"seen":true,"dependencies":[],"hasEmbeddedWebExtension":false,"mpcOptedOut":false,"userPermissions":null,"icons":{},"iconURL":null,"icon64URL":null},{"id":"shield-recipe-client@mozilla.org","syncGUID":"{f38bfd55-6492-574b-8164-45d75da1f84b}","location":"app-system-defaults","version":"55.1","type":"extension","internalName":null,"updateURL":null,"updateKey":null,"optionsURL":null,"optionsType":null,"aboutURL":null,"defaultLocale":{"name":"Shield Recipe Client","description":"Client to download and run recipes for SHIELD, Heartbeat, etc.","creator":null,"homepageURL":null},"visible":true,"active":true,"userDisabled":false,"appDisabled":false,"installDate":1502209379000,"updateDate":1503722914000,"applyBackgroundUpdates":1,"bootstrap":true,"path":"/Applications/Firefox.app/Contents/Resources/browser/features/shield-recipe-client@mozilla.org.xpi","skinnable":false,"size":140305,"sourceURI":null,"releaseNotesURI":null,"softDisabled":false,"foreignInstall":false,"hasBinaryComponents":false,"strictCompatibility":false,"locales":[],"targetApplications":[{"id":"{ec8030f7-c20a-464f-9b0e-13a3a9e97384}","minVersion":"55.0.3","maxVersion":"55.*"}],"targetPlatforms":[],"multiprocessCompatible":true,"seen":true,"dependencies":[],"hasEmbeddedWebExtension":false,"mpcOptedOut":false,"userPermissions":null,"icons":{},"iconURL":null,"icon64URL":null},{"id":"{972ce4c6-7e08-4474-a285-3208198ce6fd}","syncGUID":"{00fe7754-fa2a-d347-bb01-88e801a4b28e}","location":"app-global","version":"55.0.3","type":"theme","internalName":"classic/1.0","updateURL":null,"updateKey":null,"optionsURL":null,"optionsType":null,"optionsBrowserStyle":null,"aboutURL":null,"defaultLocale":{"name":"Default","description":"The default theme.","creator":"Mozilla","homepageURL":null,"contributors":["Mozilla Contributors"]},"visible":true,"active":true,"userDisabled":false,"appDisabled":false,"installDate":1481248530000,"updateDate":1503722914000,"applyBackgroundUpdates":1,"path":"/Applications/Firefox.app/Contents/Resources/browser/extensions/{972ce4c6-7e08-4474-a285-3208198ce6fd}.xpi","skinnable":true,"size":3588,"sourceURI":null,"releaseNotesURI":null,"softDisabled":false,"foreignInstall":false,"hasBinaryComponents":false,"strictCompatibility":true,"locales":[],"targetApplications":[{"id":"{ec8030f7-c20a-464f-9b0e-13a3a9e97384}","minVersion":"55.0.3","maxVersion":"55.0.3"}],"targetPlatforms":[],"seen":true,"dependencies":[],"hasEmbeddedWebExtension":false,"userPermissions":null,"icons":{},"iconURL":"chrome://browser/content/default-theme-icon.svg","icon64URL":null},{"id":"clicktoplay-rollout@mozilla.org","syncGUID":"{ef425b46-4fda-4045-9a17-829a4ccc22ab}","location":"app-system-addons","version":"1.4","type":"extension","internalName":null,"updateURL":null,"updateKey":null,"optionsURL":null,"optionsType":null,"aboutURL":null,"defaultLocale":{"name":"Click-to-Play staged rollout","description":"Staged rollout for Click-to-Play Flash.","creator":null,"homepageURL":null},"visible":true,"active":true,"userDisabled":false,"appDisabled":false,"installDate":1505929641000,"updateDate":1505929641000,"applyBackgroundUpdates":1,"bootstrap":true,"path":"/Users/mwobensmith/Library/Application Support/Firefox/Profiles/9xlc3ztd.default/features/{c57bb3d1-6342-c447-ae57-dda043aa7ecf}/clicktoplay-rollout@mozilla.org.xpi","skinnable":false,"size":10235,"sourceURI":"file:///var/folders/zd/y66q9mp50cd42d644jbznxxm0000gn/T/tmpaddon-fcd18a","releaseNotesURI":null,"softDisabled":false,"foreignInstall":false,"hasBinaryComponents":false,"strictCompatibility":false,"locales":[],"targetApplications":[{"id":"{ec8030f7-c20a-464f-9b0e-13a3a9e97384}","minVersion":"55.0","maxVersion":"55.*"}],"targetPlatforms":[],"multiprocessCompatible":true,"signedState":3,"seen":true,"dependencies":[],"hasEmbeddedWebExtension":false,"mpcOptedOut":false,"userPermissions":null,"icons":{},"iconURL":null,"icon64URL":null},{"id":"e10srollout@mozilla.org","syncGUID":"{2f4d282f-eb93-d34f-ab11-e910c08948a9}","location":"app-system-addons","version":"2.05","type":"extension","internalName":null,"updateURL":null,"updateKey":null,"optionsURL":null,"optionsType":null,"aboutURL":null,"defaultLocale":{"name":"Multi-process staged rollout","description":"Staged rollout of Firefox multi-process feature.","creator":null,"homepageURL":null},"visible":true,"active":true,"userDisabled":false,"appDisabled":false,"installDate":1505929641000,"updateDate":1505929641000,"applyBackgroundUpdates":1,"bootstrap":true,"path":"/Users/mwobensmith/Library/Application Support/Firefox/Profiles/9xlc3ztd.default/features/{c57bb3d1-6342-c447-ae57-dda043aa7ecf}/e10srollout@mozilla.org.xpi","skinnable":false,"size":17848,"sourceURI":"file:///var/folders/zd/y66q9mp50cd42d644jbznxxm0000gn/T/tmpaddon-525c7e","releaseNotesURI":null,"softDisabled":false,"foreignInstall":false,"hasBinaryComponents":false,"strictCompatibility":false,"locales":[],"targetApplications":[{"id":"{ec8030f7-c20a-464f-9b0e-13a3a9e97384}","minVersion":"55","maxVersion":"55.*"}],"targetPlatforms":[],"multiprocessCompatible":true,"signedState":3,"seen":true,"dependencies":[],"hasEmbeddedWebExtension":false,"mpcOptedOut":false,"userPermissions":null,"icons":{},"iconURL":null,"icon64URL":null},{"id":"followonsearch@mozilla.com","syncGUID":"{6b2e436e-f322-c143-ad09-3048b382b325}","location":"app-system-addons","version":"0.9.4","type":"extension","internalName":null,"updateURL":null,"updateKey":null,"optionsURL":null,"optionsType":null,"aboutURL":null,"defaultLocale":{"name":"Follow-on Search Telemetry","description":null,"creator":null,"homepageURL":null},"visible":true,"active":true,"userDisabled":false,"appDisabled":false,"installDate":1505929641000,"updateDate":1505929641000,"applyBackgroundUpdates":1,"bootstrap":true,"path":"/Users/mwobensmith/Library/Application Support/Firefox/Profiles/9xlc3ztd.default/features/{c57bb3d1-6342-c447-ae57-dda043aa7ecf}/followonsearch@mozilla.com.xpi","skinnable":false,"size":25847,"sourceURI":"file:///var/folders/zd/y66q9mp50cd42d644jbznxxm0000gn/T/tmpaddon-9e0c5b","releaseNotesURI":null,"softDisabled":false,"foreignInstall":false,"hasBinaryComponents":false,"strictCompatibility":false,"locales":[],"targetApplications":[{"id":"{ec8030f7-c20a-464f-9b0e-13a3a9e97384}","minVersion":"52.0","maxVersion":"59.*"}],"targetPlatforms":[],"multiprocessCompatible":true,"signedState":3,"seen":true,"dependencies":[],"hasEmbeddedWebExtension":false,"mpcOptedOut":false,"userPermissions":null,"icons":{},"iconURL":null,"icon64URL":null},{"id":"onboarding@mozilla.org","syncGUID":"{a63de138-218a-e240-946d-084692a3356f}","location":"app-system-addons","version":"0.1","type":"extension","internalName":null,"updateURL":null,"updateKey":null,"optionsURL":null,"optionsType":null,"aboutURL":null,"defaultLocale":{"name":"Photon onboarding","description":"Photon onboarding for Shield study","creator":"Rex Lee <rexboy@mozilla.com>","homepageURL":null},"visible":true,"active":true,"userDisabled":false,"appDisabled":false,"installDate":1505929641000,"updateDate":1505929641000,"applyBackgroundUpdates":1,"bootstrap":true,"path":"/Users/mwobensmith/Library/Application Support/Firefox/Profiles/9xlc3ztd.default/features/{c57bb3d1-6342-c447-ae57-dda043aa7ecf}/onboarding@mozilla.org.xpi","skinnable":false,"size":595152,"sourceURI":"file:///var/folders/zd/y66q9mp50cd42d644jbznxxm0000gn/T/tmpaddon-a4eae2","releaseNotesURI":null,"softDisabled":false,"foreignInstall":false,"hasBinaryComponents":false,"strictCompatibility":false,"locales":[],"targetApplications":[{"id":"{ec8030f7-c20a-464f-9b0e-13a3a9e97384}","minVersion":"55.0","maxVersion":"*"}],"targetPlatforms":[],"multiprocessCompatible":true,"signedState":3,"seen":true,"dependencies":[],"hasEmbeddedWebExtension":false,"mpcOptedOut":false,"userPermissions":null,"icons":{},"iconURL":null,"icon64URL":null},{"id":"screenshots@mozilla.org","syncGUID":"{54d308c5-7948-a342-b566-949ac2664772}","location":"app-system-addons","version":"10.12.0","type":"extension","internalName":null,"updateURL":null,"updateKey":null,"optionsURL":null,"optionsType":null,"aboutURL":null,"defaultLocale":{"name":"Firefox Screenshots","description":null,"creator":null,"homepageURL":"https://pageshot.net/"},"visible":true,"active":true,"userDisabled":false,"appDisabled":false,"installDate":1505929641000,"updateDate":1505929641000,"applyBackgroundUpdates":1,"bootstrap":true,"path":"/Users/mwobensmith/Library/Application Support/Firefox/Profiles/9xlc3ztd.default/features/{c57bb3d1-6342-c447-ae57-dda043aa7ecf}/screenshots@mozilla.org.xpi","skinnable":false,"size":756267,"sourceURI":"file:///var/folders/zd/y66q9mp50cd42d644jbznxxm0000gn/T/tmpaddon-c6e7d8","releaseNotesURI":null,"softDisabled":false,"foreignInstall":false,"hasBinaryComponents":false,"strictCompatibility":false,"locales":[],"targetApplications":[{"id":"{ec8030f7-c20a-464f-9b0e-13a3a9e97384}","minVersion":"51.0a1","maxVersion":"*"}],"targetPlatforms":[],"multiprocessCompatible":true,"signedState":3,"seen":true,"dependencies":[],"hasEmbeddedWebExtension":false,"mpcOptedOut":false,"userPermissions":null,"icons":{},"iconURL":null,"icon64URL":null}]}