{"defaultHandlersVersion":{"en-US":4},"mimeTypes":{"application/pdf":{"action":3,"extensions":["pdf"]},"application/x-apple-diskimage":{"action":0,"ask":true,"extensions":["dmg"]},"text/html":{"action":0,"ask":true,"extensions":["html","htm","shtml","jhtml"]},"application/zip":{"action":0,"ask":true,"extensions":["zip"]},"text/plain":{"action":0,"ask":true,"extensions":["txt","asc","text"]},"application/x-bzip2":{"action":0,"ask":true,"extensions":["bz2"]}},"schemes":{"webcal":{"action":4,"ask":true,"handlers":[null,{"name":"30 Boxes","uriTemplate":"https://30boxes.com/external/widget?refer=ff&url=%s"}]},"ircs":{"action":2,"ask":true,"handlers":[null,{"name":"Mibbit","uriTemplate":"https://www.mibbit.com/?url=%s"}]},"mailto":{"action":4,"handlers":[null,{"name":"Yahoo! Mail","uriTemplate":"https://compose.mail.yahoo.com/?To=%s"},{"name":"Gmail","uriTemplate":"https://mail.google.com/mail/?extsrc=mailto&url=%s"}]},"irc":{"action":2,"ask":true,"handlers":[null,{"name":"Mibbit","uriTemplate":"https://www.mibbit.com/?url=%s"}]},"file":{"action":2,"ask":true,"handlers":[{"name":"Preview","path":"/Applications/Preview.app"}]}}}