{"version":1,"accountData":{"email":"mwobensmith@mozilla.com","sessionToken":"f30fa7b4d7d5994cb944e440e94b12bbbb66ed6e99bd36dbaceb7c365125ca7e","uid":"1408c48401c441d3b9c32d6615c247b2","verified":true,"deviceId":"cbce06437d97d5871ca5907f4eb181f4","deviceRegistrationVersion":2,"oauthTokens":{"profile":{"token":"92524e83be19d159211a73d9222e72a208addbe41e41cf3c1680eaeff5f242e6","server":"https://oauth.accounts.firefox.com/v1"}},"profileCache":{"profile":{"email":"mwobensmith@mozilla.com","uid":"1408c48401c441d3b9c32d6615c247b2"},"etag":"\"33a65153a247bc419713c25bc452294f75a4f9ab-gzip\""}}}