{"chrome://browser/content/browser.xul":{"navigator-toolbox":{"iconsize":"small"},"titlebar-placeholder-on-TabsToolbar-for-fullscreen-button":{"width":"0"},"titlebar-placeholder-on-TabsToolbar-for-captions-buttons":{"width":"61"},"main-window":{"screenX":"235","screenY":"23","width":"1279","height":"946","sizemode":"normal"},"PersonalToolbar":{"collapsed":"false"},"sidebar-box":{"sidebarcommand":"","width":"","src":""}},"chrome://browser/content/places/places.xul":{"placesContentTags":{"ordinal":"3"},"placesContentUrl":{"ordinal":"5"},"placesContentDate":{"ordinal":"7","sortDirection":"descending"},"placesContentVisitCount":{"ordinal":"9"},"placesContentDescription":{"ordinal":"11"},"placesContentDateAdded":{"ordinal":"13"},"placesContentLastModified":{"ordinal":"15"},"places":{"screenX":"10","screenY":"23","width":"700","height":"500","sizemode":"normal"}},"chrome://browser/content/sanitize.xul":{"detailsExpander":{"class":"expander-up"},"itemList":{"collapsed":"false"},"SanitizeDialog":{"screenX":"499","screenY":"337"}},"chrome://mozapps/content/downloads/unknownContentType.xul":{"unknownContentType":{"screenX":"317","screenY":"290"}},"about:config":{"prefCol":{"ordinal":"1","sortDirection":"ascending"},"lockCol":{"ordinal":"3"},"typeCol":{"ordinal":"5"},"valueCol":{"ordinal":"7"}},"chrome://sqlitemanager/content/sqlitemanager.xul":{"udfTabFunc":{"selected":"true"},"eximTabCsv":{"selected":"true"},"sqlitemanager-window":{"screenX":"214","screenY":"134","width":"1310","height":"621","sizemode":"normal"},"browse-type":{"value":"TABLE"},"tab-browse":{"selected":"true"}},"chrome://browser/content/pageinfo/pageInfo.xul":{"main-window":{"screenX":"10","screenY":"23","width":"600","height":"550","sizemode":"normal"}},"chrome://devtools/content/webconsole/webconsole.xul":{"devtools-webconsole":{"screenX":"1","screenY":"381","width":"900","height":"350","sizemode":"normal"}},"chrome://sqlitemanager/content/RowOperations.xul":{"dialog-table-operations":{"sizemode":"normal","width":"377"}},"chrome://pippki/content/certManager.xul":{"certcol":{"ordinal":"1"},"tokencol":{"ordinal":"3"},"sitecol":{"ordinal":"3"},"lifetimecol":{"ordinal":"5"},"expiredcol":{"ordinal":"7"},"serialnumcol":{"ordinal":"5"},"issuedcol":{"ordinal":"7"},"certmanagertabs":{"selectedIndex":"0"}},"chrome://passwordmgr/content/passwordManager.xul":{"siteCol":{"width":"259"},"timePasswordChangedCol":{"width":"51"},"passwordCol":{"width":"126"},"userCol":{"width":"155"}}}