{"version":1,"addons":{"aushelper@mozilla.org":{"id":"aushelper@mozilla.org","guid":"{f680670a-488a-d544-a931-8b69015ef829}","enabled":true,"installed":true,"modified":1490464262811,"type":"extension","scope":1,"foreignInstall":false,"isSyncable":false},"e10srollout@mozilla.org":{"id":"e10srollout@mozilla.org","guid":"{2f4d282f-eb93-d34f-ab11-e910c08948a9}","enabled":true,"installed":true,"modified":1505929641371,"type":"extension","scope":1,"foreignInstall":false,"isSyncable":false},"firefox@getpocket.com":{"id":"firefox@getpocket.com","guid":"{753b7a6c-0794-b045-be57-412105d5ed01}","enabled":true,"installed":true,"modified":1485275004307,"type":"extension","scope":1,"foreignInstall":false,"isSyncable":false},"webcompat@mozilla.org":{"id":"webcompat@mozilla.org","guid":"{e87b2161-ee95-4045-a80a-1bdc28a25423}","enabled":true,"installed":true,"modified":1485275004307,"type":"extension","scope":1,"foreignInstall":false,"isSyncable":false},"{972ce4c6-7e08-4474-a285-3208198ce6fd}":{"id":"{972ce4c6-7e08-4474-a285-3208198ce6fd}","guid":"{00fe7754-fa2a-d347-bb01-88e801a4b28e}","enabled":true,"installed":true,"modified":1485275004308,"type":"theme","scope":4,"foreignInstall":false,"isSyncable":false},"support@lastpass.com":{"id":"support@lastpass.com","guid":"{d310763c-fb0a-f346-a0af-9bc215575169}","enabled":true,"installed":true,"modified":1485275004309,"type":"extension","scope":1,"foreignInstall":false,"isSyncable":true},"gmp-gmpopenh264":{"id":"gmp-gmpopenh264","enabled":true,"installed":true,"modified":1492635365411,"type":"plugin","scope":4,"foreignInstall":false},"gmp-widevinecdm":{"id":"gmp-widevinecdm","enabled":true,"installed":true,"modified":1492635365954,"type":"plugin","scope":4,"foreignInstall":false},"{0204b8d1-e3f1-7282-8ead-cc2e8d1334f1}":{"id":"{0204b8d1-e3f1-7282-8ead-cc2e8d1334f1}","enabled":false,"installed":false,"modified":1485275004311,"type":"plugin","scope":8,"foreignInstall":true},"{fdf1cc26-48c9-18af-3146-d16bf63810bd}":{"id":"{fdf1cc26-48c9-18af-3146-d16bf63810bd}","enabled":true,"installed":false,"modified":1489590818011,"type":"plugin","scope":8,"foreignInstall":true},"linky@gemal.dk":{"id":"linky@gemal.dk","guid":"lRfHaiY7qsVn","enabled":true,"installed":true,"modified":1485275005059,"type":"extension","scope":1,"foreignInstall":false,"isSyncable":true},"SQLiteManager@mrinalkant.blogspot.com":{"id":"SQLiteManager@mrinalkant.blogspot.com","guid":"4IlzE8hLNKah","enabled":true,"installed":true,"modified":1485275005359,"type":"extension","scope":1,"foreignInstall":false,"isSyncable":true},"firefox-hotfix@mozilla.org":{"id":"firefox-hotfix@mozilla.org","guid":"{26be2d1e-0259-b347-b988-d5c659ac58ff}","enabled":true,"installed":false,"modified":1489168016094,"type":"extension","scope":1,"foreignInstall":false,"isSyncable":false},"diagnostics@mozilla.org":{"id":"diagnostics@mozilla.org","guid":"{cf45c677-eac1-7f4f-ba5c-5d57d7b13dbd}","enabled":true,"installed":false,"modified":1490464262626,"type":"extension","scope":1,"foreignInstall":false,"isSyncable":false},"disableSHA1rollout@mozilla.org":{"id":"disableSHA1rollout@mozilla.org","guid":"{18559ee0-9a35-2646-bc4d-1c31c0669bcd}","enabled":true,"installed":false,"modified":1490464262646,"type":"extension","scope":1,"foreignInstall":false,"isSyncable":false},"hsts-priming@mozilla.org":{"id":"hsts-priming@mozilla.org","guid":"{c17752ed-b6c6-4742-86bb-09e6c2f8bbb5}","enabled":true,"installed":false,"modified":1490464262657,"type":"extension","scope":1,"foreignInstall":false,"isSyncable":false},"{0e558890-d007-f348-58de-de18b55503a9}":{"id":"{0e558890-d007-f348-58de-de18b55503a9}","enabled":true,"installed":false,"modified":1497459586979,"type":"plugin","scope":8,"foreignInstall":true},"deployment-checker@mozilla.org":{"id":"deployment-checker@mozilla.org","guid":"{58039a24-39ba-2142-8ff1-1eb4035c3dcd}","enabled":true,"installed":false,"modified":1491946304393,"type":"extension","scope":1,"foreignInstall":false,"isSyncable":false},"disable-prefetch@mozilla.org":{"id":"disable-prefetch@mozilla.org","guid":"{24ef3328-453d-004c-b404-b7d6741b62a2}","enabled":true,"installed":false,"modified":1492543876881,"type":"extension","scope":1,"foreignInstall":false,"isSyncable":false},"{3e9a3920-1b27-11da-8cd6-0800200c9a66}":{"id":"{3e9a3920-1b27-11da-8cd6-0800200c9a66}","guid":"{30f72bac-806a-674b-8949-d84106df502f}","enabled":false,"installed":true,"modified":1491951049895,"type":"extension","scope":1,"foreignInstall":false,"isSyncable":true},"disable-cert-transparency@mozilla.org":{"id":"disable-cert-transparency@mozilla.org","guid":"{5611c161-cfda-004c-9d8d-a5b0c2811007}","enabled":true,"installed":false,"modified":1492543876843,"type":"extension","scope":1,"foreignInstall":false,"isSyncable":false},"firefox-compact-light@mozilla.org@personas.mozilla.org":{"id":"firefox-compact-light@mozilla.org@personas.mozilla.org","enabled":false,"installed":true,"modified":1492638912118,"type":"theme","scope":1,"foreignInstall":false},"firefox-compact-dark@mozilla.org@personas.mozilla.org":{"id":"firefox-compact-dark@mozilla.org@personas.mozilla.org","enabled":false,"installed":true,"modified":1492638912119,"type":"theme","scope":1,"foreignInstall":false},"shield-recipe-client@mozilla.org":{"id":"shield-recipe-client@mozilla.org","guid":"{f38bfd55-6492-574b-8164-45d75da1f84b}","enabled":true,"installed":true,"modified":1501006208775,"type":"extension","scope":1,"foreignInstall":false,"isSyncable":false},"tls13-comparison-all-v1@mozilla.org":{"id":"tls13-comparison-all-v1@mozilla.org","guid":"{0a23e0a8-47b9-904f-867f-c0a0182d9921}","enabled":true,"installed":false,"modified":1495802828140,"type":"extension","scope":1,"foreignInstall":false,"isSyncable":false},"followonsearch@mozilla.com":{"id":"followonsearch@mozilla.com","guid":"{6b2e436e-f322-c143-ad09-3048b382b325}","enabled":true,"installed":true,"modified":1505929641352,"type":"extension","scope":1,"foreignInstall":false,"isSyncable":false},"{ab38890a-81e4-0d06-4142-0807d9cff7b8}":{"id":"{ab38890a-81e4-0d06-4142-0807d9cff7b8}","enabled":false,"installed":true,"modified":1505181591470,"type":"plugin","scope":8,"foreignInstall":true},"screenshots@mozilla.org":{"id":"screenshots@mozilla.org","guid":"{54d308c5-7948-a342-b566-949ac2664772}","enabled":true,"installed":true,"modified":1505929641304,"type":"extension","scope":1,"foreignInstall":false,"isSyncable":false},"clicktoplay-rollout@mozilla.org":{"id":"clicktoplay-rollout@mozilla.org","guid":"{ef425b46-4fda-4045-9a17-829a4ccc22ab}","enabled":true,"installed":true,"modified":1505929641394,"type":"extension","scope":1,"foreignInstall":false,"isSyncable":false},"onboarding@mozilla.org":{"id":"onboarding@mozilla.org","guid":"{a63de138-218a-e240-946d-084692a3356f}","enabled":true,"installed":true,"modified":1505929641727,"type":"extension","scope":1,"foreignInstall":false,"isSyncable":false}},"changes":[[1491945476593,1,"{3e9a3920-1b27-11da-8cd6-0800200c9a66}"],[1491945570427,4,"{3e9a3920-1b27-11da-8cd6-0800200c9a66}"],[1491946259521,3,"{3e9a3920-1b27-11da-8cd6-0800200c9a66}"],[1491951049895,4,"{3e9a3920-1b27-11da-8cd6-0800200c9a66}"],[1492543816652,2,"disable-prefetch@mozilla.org"],[1492543816670,2,"e10srollout@mozilla.org"],[1492543876843,1,"disable-cert-transparency@mozilla.org"],[1492635365404,2,"gmp-gmpopenh264"],[1492635365941,2,"gmp-widevinecdm"],[1492638912118,1,"firefox-compact-light@mozilla.org@personas.mozilla.org"],[1492638912119,1,"firefox-compact-dark@mozilla.org@personas.mozilla.org"],[1492638912127,2,"deployment-checker@mozilla.org"],[1492638912127,2,"disable-prefetch@mozilla.org"],[1492638912128,2,"disable-cert-transparency@mozilla.org"],[1493743292028,1,"shield-recipe-client@mozilla.org"],[1494261017503,2,"shield-recipe-client@mozilla.org"],[1494846008749,2,"shield-recipe-client@mozilla.org"],[1494846009376,1,"tls13-comparison-all-v1@mozilla.org"],[1494932599897,2,"shield-recipe-client@mozilla.org"],[1494932599909,2,"tls13-comparison-all-v1@mozilla.org"],[1495647258708,2,"shield-recipe-client@mozilla.org"],[1495802828132,2,"shield-recipe-client@mozilla.org"],[1495802828140,2,"tls13-comparison-all-v1@mozilla.org"],[1496764878835,2,"shield-recipe-client@mozilla.org"],[1496764879357,1,"followonsearch@mozilla.com"],[1497459586919,1,"{ab38890a-81e4-0d06-4142-0807d9cff7b8}"],[1497459586979,2,"{0e558890-d007-f348-58de-de18b55503a9}"],[1498593736088,1,"screenshots@mozilla.org"],[1500312946805,2,"shield-recipe-client@mozilla.org"],[1500312946806,2,"followonsearch@mozilla.com"],[1501006208293,2,"followonsearch@mozilla.com"],[1501006208305,2,"shield-recipe-client@mozilla.org"],[1502382863919,1,"clicktoplay-rollout@mozilla.org"],[1504379461996,2,"screenshots@mozilla.org"],[1505179525981,2,"followonsearch@mozilla.com"],[1505179525994,2,"screenshots@mozilla.org"],[1505181591470,4,"{ab38890a-81e4-0d06-4142-0807d9cff7b8}"],[1505352365512,2,"clicktoplay-rollout@mozilla.org"],[1505352365522,2,"followonsearch@mozilla.com"],[1505352365529,2,"screenshots@mozilla.org"],[1505352366235,1,"onboarding@mozilla.org"],[1505929641048,2,"clicktoplay-rollout@mozilla.org"],[1505929641056,2,"e10srollout@mozilla.org"],[1505929641069,2,"followonsearch@mozilla.com"],[1505929641079,2,"onboarding@mozilla.org"],[1505929641091,2,"screenshots@mozilla.org"]]}